Column,Description
entry_id,Entry ID from Draftkings contest history CSVs
year,NFL Season
week,NFL week
remaining_players,Players remaining in the afternoon games
pts_behind,Estimated number of points behind based on predicted points
early_eff,Actual Fantasy Points from the early games/ salary used
final_rank,Where the entry actually finished in the tournament
salary_remaining,Total salary available to be used in the morning games
pred_perc,The percentile the entry is predicted to finish after the morning games
actual_perc,The percentile the entry actually finished in
chalk_rb,Did the team play the chalk RB in the afternoon. Binary value
chalk_wr,Did the team play the chalk WR in the afternoon. Binary value
chalk_te,Did the team play the chalk TE in the afternoon. Binary value
chalk_qb,Did the team play the chalk QB in the afternoon. Binary value
qbs,QBs remaining
rbs,RBs remaining
wrs,WRs remaining
te,TEs remaining
game_stack,Type of stack played in the afternoon. If a team had their QB play in the morning this will always be blank
stack,Stack Category ex 2_1 means 2 QB teammates and 1 opposing player. If a team had their QB play in the morning this will always 0_0
qb_stack,How many QB teammates are stacked with QB in the afternoon
qb_opp_stack,How many QB opposing players are stacked with QB in the afternoon
top_10,Did the team finish in the top 10. Binary value
